{
    "ZFF": {
        "ScR": "WC94-R",
        "year_for_calculations": 2024,
        "Length": 109,
        "Dip": 40,
        "upperSeismoDepth": 3,
        "lowerSeismoDepth": 10,
        "SRmin": 1.36,
        "SRmax": 2.04,
        "Mobs": 6.4,
        "sdMobs": 0.05,
        "Last_eq_time": 1497,
        "SCC": 0.205,
        "ShearModulus": 3,
        "StrainDrop": 3,
        "Mmin": 5.5,
        "b-value": 0.9,
        "fault_trace": [
            [56.8364270795421, 27.3840232526968],
            [56.7842390191582, 27.3923258986669],
            [56.7237483128042, 27.3958841755113],
            [56.6525827759171, 27.3946980832298],
            [56.618186099755, 27.3935119909484],
            [56.6122556383477, 27.3935119909484],
            [56.5861616081558, 27.3792788835709],
            [56.5648119470897, 27.3674179607564],
            [56.5363457323348, 27.3591153147863],
            [56.5161821635501, 27.353184853379],
            [56.4722967491364, 27.3282769154685],
            [56.4379000729743, 27.3081133466838],
            [56.4106199505009, 27.2808332242105],
            [56.4029103506715, 27.2746062397328],
            [56.3839328741683, 27.2609661784961],
            [56.3613971208207, 27.2449539326965],
            [56.3305587215029, 27.2369478097967],
            [56.3068368758739, 27.2307208253191],
            [56.288155922441, 27.2230112254897],
            [56.2442705080273, 27.2055163643383],
            [56.2190660470465, 27.1978067645088],
            [56.1932685399249, 27.1945450107348],
            [56.1742910634217, 27.1921728261719],
            [56.1413770026114, 27.1809049494981],
            [56.1126142647862, 27.1687475036133],
            [56.0853341423128, 27.1571831038691],
            [56.0604262044023, 27.1459152271953],
            [56.05034442001, 27.1417639042102],
            [56.0120929439331, 27.1174490124405],
            [55.9862954368116, 27.1002506743594],
            [55.9744345139971, 27.09254107453],
            [55.957236175916, 27.0845349516302],
            [55.9391482686239, 27.0753427364489]
        ]
    },
    "ZM1": {
        "ScR": "WC94-R",
        "year_for_calculations": 2024,
        "Length": 60,
        "Dip": 70,
        "upperSeismoDepth": 2,
        "lowerSeismoDepth": 12,
        "SRmin": 2.2,
        "SRmax": 4.3,
        "Mobs": 5.5,
        "sdMobs": 0.05,
        "Last_eq_time": 1950,
        "SCC": 0.205,
        "ShearModulus": 3,
        "StrainDrop": 3,
        "Mmin": 5.5,
        "b-value": 0.9,
        "fault_trace": [
            [56.9531568472551, 27.6688109269445],
            [56.9761222880306, 27.6329435531491],
            [56.9988296901457, 27.5975922566744],
            [57.022311208242, 27.5594025349354],
            [57.0408899917907, 27.5181163492715],
            [57.0674679738118, 27.4866356327029],
            [57.0919816465497, 27.4548968774738],
            [57.1208819765144, 27.4179973490368],
            [57.1278490203452, 27.4079338412812],
            [57.1487501518375, 27.3697441195422],
            [57.1771344044814, 27.3315543978031],
            [57.2003578839173, 27.2949129080265],
            [57.226677827278, 27.253884761023],
            [57.2398377989583, 27.2190495418692]
        ]
    },
    "MFF2": {
        "ScR": "WC94-R",
        "year_for_calculations": 2024,
        "Length": 49,
        "Dip": 40,
        "upperSeismoDepth": 2,
        "lowerSeismoDepth": 17,
        "SRmin": 3.6,
        "SRmax": 5.4,
        "Mobs": 6.4,
        "sdMobs": 0.05,
        "Last_eq_time": 2021,
        "SCC": 0.205,
        "ShearModulus": 3,
        "StrainDrop": 3,
        "Mmin": 5.5,
        "b-value": 0.9,
        "fault_trace": [
            [56.6798114005468, 27.5481174184979],
            [56.6591510478697, 27.5481174184979],
            [56.6350473030797, 27.5481174184979],
            [56.6080740648624, 27.5498391145544],
            [56.5799530292742, 27.5521347092963],
            [56.5518319936859, 27.5561520000946],
            [56.53863232392, 27.5572997974655],
            [56.5001811119932, 27.546969621127],
            [56.4973116185658, 27.545821823756],
            [56.4611560013809, 27.5263092684499],
            [56.4519736224133, 27.522865876337],
            [56.4209830933977, 27.5159790921113],
            [56.3785145906725, 27.5108140039421],
            [56.3549847445681, 27.5085184092002],
            [56.3366199866329, 27.5062228144583],
            [56.2918558891659, 27.513109598684],
            [56.2625870562066, 27.5171268894823],
            [56.2482395890698, 27.5188485855387]
        ]
    },
    "MFF1": {
        "ScR": "WC94-R",
        "year_for_calculations": 2024,
        "Length": 67,
        "Dip": 40,
        "upperSeismoDepth": 1,
        "lowerSeismoDepth": 21,
        "SRmin": 2.88,
        "SRmax": 4.32,
        "Mobs": 5.5,
        "sdMobs": 0.05,
        "Last_eq_time": 1987,
        "SCC": 0.205,
        "ShearModulus": 3,
        "StrainDrop": 3,
        "Mmin": 5.5,
        "b-value": 0.9,
        "fault_trace": [
            [55.9830983963804, 27.3750869648273],
            [55.9925677246908, 27.3627481430896],
            [56.0010893305356, 27.3504093213519],
            [56.0100839713906, 27.3371997207984],
            [56.0188553298968, 27.3260577406956],
            [56.0246747366799, 27.3130411311241],
            [56.0283527026334, 27.3021945019792],
            [56.0347793108228, 27.2914738994584],
            [56.0416723528702, 27.2799913685382],
            [56.0466967573366, 27.2672533871508],
            [56.0529781898272, 27.2579938581554],
            [56.0570372439944, 27.2465050132896],
            [56.0604305329667, 27.2360015036537],
            [56.0654077972674, 27.2233900648901],
            [56.0689560301863, 27.2132858957048],
            [56.0712859746851, 27.2006793218954],
            [56.0733439498162, 27.1921728261719],
            [56.0749578746457, 27.1840431535657],
            [56.0788831768479, 27.1724777538215],
            [56.0788831768479, 27.1672202793703],
            [56.0788831768479, 27.1650175742505],
            [56.0788831768479, 27.1600458584852],
            [56.0788831768479, 27.1560469663643]
        ]
    },
    "ZM3": {
        "ScR": "WC94-R",
        "year_for_calculations": 2024,
        "Length": 100,
        "Dip": 60,
        "upperSeismoDepth": 1,
        "lowerSeismoDepth": 16,
        "SRmin": 2.5,
        "SRmax": 4.0,
        "Mobs": 5.8,
        "sdMobs": 0.05,
        "Last_eq_time": 2008,
        "SCC": 0.205,
        "ShearModulus": 3,
        "StrainDrop": 3,
        "Mmin": 5.5,
        "b-value": 0.9,
        "fault_trace": [
            [56.6442643506067, 27.2515966120079],
            [56.6353963132365, 27.2585936735388],
            [56.6173353408602, 27.2704533466039],
            [56.5982568053784, 27.2867580898884],
            [56.5861616081558, 27.3012086656435],
            [56.5648119470897, 27.3161812108429],
            [56.5477103569686, 27.3260964547646],
            [56.5307070937557, 27.3395380083936],
            [56.5148261348287, 27.3535769653015]
        ]
    }
}

