{
    "ZFF": {
        "ScR": "WC94-R",
        "year_for_calculations": 2024,
        "Length": 109,
        "Dip": 40,
        "upperSeismoDepth": 5,
        "lowerSeismoDepth": 12,
        "SRmin": 1.36,
        "SRmax": 2.04,
        "Mobs": 6.4,
        "sdMobs": 0.05,
        "Last_eq_time": 1497,
        "SCC": 0.205,
        "ShearModulus": 3,
        "StrainDrop": 3,
        "Mmin": 5.5,
        "b-value": 0.9,
        "fault_rake": 90,
        "fault_trace": [
            [56.8364270795421, 27.3840232526968],
            [56.7842390191582, 27.3923258986669],
            [56.7237483128042, 27.3958841755113],
            [56.6525827759171, 27.3946980832298],
            [56.618186099755, 27.3935119909484],
            [56.6122556383477, 27.3935119909484],
            [56.5861616081558, 27.3792788835709],
            [56.5648119470897, 27.3674179607564],
            [56.5363457323348, 27.3591153147863],
            [56.5161821635501, 27.353184853379],
            [56.4722967491364, 27.3282769154685],
            [56.4379000729743, 27.3081133466838],
            [56.4106199505009, 27.2808332242105],
            [56.4029103506715, 27.2746062397328],
            [56.3839328741683, 27.2609661784961],
            [56.3613971208207, 27.2449539326965],
            [56.3305587215029, 27.2369478097967],
            [56.3068368758739, 27.2307208253191],
            [56.288155922441, 27.2230112254897],
            [56.2442705080273, 27.2055163643383],
            [56.2190660470465, 27.1978067645088],
            [56.1932685399249, 27.1945450107348],
            [56.1742910634217, 27.1921728261719],
            [56.1413770026114, 27.1809049494981],
            [56.1126142647862, 27.1687475036133],
            [56.0853341423128, 27.1571831038691],
            [56.0604262044023, 27.1459152271953],
            [56.05034442001, 27.1417639042102],
            [56.0120929439331, 27.1174490124405],
            [55.9862954368116, 27.1002506743594],
            [55.9744345139971, 27.09254107453],
            [55.957236175916, 27.0845349516302],
            [55.9391482686239, 27.0753427364489]
        ]
    },
    "ZM1": {
        "ScR": "WC94-R",
        "year_for_calculations": 2024,
        "Length": 60,
        "Dip": 70,
        "upperSeismoDepth": 5,
        "lowerSeismoDepth": 15,
        "SRmin": 2.2,
        "SRmax": 4.3,
        "Mobs": 5.5,
        "sdMobs": 0.05,
        "Last_eq_time": 1950,
        "SCC": 0.205,
        "ShearModulus": 3,
        "StrainDrop": 3,
        "Mmin": 5.5,
        "b-value": 0.9,
        "fault_rake": 90,
        "fault_trace": [
            [56.9531568472551, 27.6688109269445],
            [56.9761222880306, 27.6329435531491],
            [56.9988296901457, 27.5975922566744],
            [57.022311208242, 27.5594025349354],
            [57.0408899917907, 27.5181163492715],
            [57.0674679738118, 27.4866356327029],
            [57.0919816465497, 27.4548968774738],
            [57.1208819765144, 27.4179973490368],
            [57.1278490203452, 27.4079338412812],
            [57.1487501518375, 27.3697441195422],
            [57.1771344044814, 27.3315543978031],
            [57.2003578839173, 27.2949129080265],
            [57.226677827278, 27.253884761023],
            [57.2398377989583, 27.2190495418692]
        ]
    },
    "MFF2": {
        "ScR": "WC94-R",
        "year_for_calculations": 2024,
        "Length": 49,
        "Dip": 40,
        "upperSeismoDepth": 3,
        "lowerSeismoDepth": 18,
        "SRmin": 3.6,
        "SRmax": 5.4,
        "Mobs": 6.4,
        "sdMobs": 0.05,
        "Last_eq_time": 2021,
        "SCC": 0.205,
        "ShearModulus": 3,
        "StrainDrop": 3,
        "Mmin": 5.5,
        "b-value": 0.9,
        "fault_rake": 90,
        "fault_trace": [
            [56.6798114005468, 27.5481174184979],
            [56.6591510478697, 27.5481174184979],
            [56.6350473030797, 27.5481174184979],
            [56.6080740648624, 27.5498391145544],
            [56.5799530292742, 27.5521347092963],
            [56.5518319936859, 27.5561520000946],
            [56.53863232392, 27.5572997974655],
            [56.5001811119932, 27.546969621127],
            [56.4973116185658, 27.545821823756],
            [56.4611560013809, 27.5263092684499],
            [56.4519736224133, 27.522865876337],
            [56.4209830933977, 27.5159790921113],
            [56.3785145906725, 27.5108140039421],
            [56.3549847445681, 27.5085184092002],
            [56.3366199866329, 27.5062228144583],
            [56.2918558891659, 27.513109598684],
            [56.2625870562066, 27.5171268894823],
            [56.2482395890698, 27.5188485855387]
        ]
    },
    "MFF1": {
        "ScR": "WC94-R",
        "year_for_calculations": 2024,
        "Length": 67,
        "Dip": 40,
        "upperSeismoDepth": 2,
        "lowerSeismoDepth": 22,
        "SRmin": 2.88,
        "SRmax": 4.32,
        "Mobs": 5.5,
        "sdMobs": 0.05,
        "Last_eq_time": 1987,
        "SCC": 0.205,
        "ShearModulus": 3,
        "StrainDrop": 3,
        "Mmin": 5.5,
        "b-value": 0.9,
        "fault_rake": 85,
        "fault_trace": [
                [55.9830983963804, 27.3750869648273],
    [55.9925677246908, 27.3627481430896],
    [55.9997414582592, 27.3544266121502],
    [56.0057673944567, 27.3547135614929],
    [56.0247060510774, 27.3575830549203],
    [56.043644707698, 27.3633220417751],
    [56.0815220209394, 27.376521711541],
    [56.1036171203301, 27.3768086608837],
    [56.1334598519748, 27.3756608635128],
    [56.1701893678452, 27.3742261167991],
    [56.1902758218368, 27.3762347621983],
    [56.2092144784575, 27.3779564582547],
    [56.2278661857354, 27.3945995201334],
    [56.2396311087877, 27.4066513925284],
    [56.2548394239527, 27.4247292011209],
    [56.2726302832025, 27.4451026044552]
        ]
    },
    
     "ZM2": {
        "ScR": "WC94-R",
        "year_for_calculations": 2024,
        "Length": 76,
        "Dip": 70,
        "upperSeismoDepth": 10,
        "lowerSeismoDepth": 20,
        "SRmin": 2.2,
        "SRmax": 4.3,
        "Mobs": 5.5,
        "sdMobs": 0.05,
        "Last_eq_time": 1983,
        "SCC": 0.205,
        "ShearModulus": 3,
        "StrainDrop": 3,
        "Mmin": 5.5,
        "b-value": 0.9,
        "fault_rake": 80,
        "fault_trace": [
            [57.1870688929067, 26.9933947333503],
            [57.1788116557739, 27.0243593725982],
            [57.1726187279244, 27.0522275479213],
            [57.1519756350924, 27.0904172696603],
            [57.1426862433181, 27.1492500842313],
            [57.0745640369728, 27.2307903009173],
            [57.0580495627072, 27.2493690844661],
            [57.0415350884417, 27.2751729505059],
            [56.9981845934947, 27.3278128372273],
            [56.9827022738707, 27.3577453218336],
            [56.9114836036006, 27.410385208555],
            [56.9001299025431, 27.4527035488604],
            [56.8732938818616, 27.4929575798826],
            [56.8423292426137, 27.5187614459225],
            [56.8361363147642, 27.55591901302]
        ]
        
 },
    
    "ZM3": {
        "ScR": "WC94-R",
        "year_for_calculations": 2024,
        "Length": 73,
        "Dip": 70,
        "upperSeismoDepth": 4,
        "lowerSeismoDepth": 14,
        "SRmin": 2.1,
        "SRmax": 3.2,
        "Mobs": 5.6,
        "sdMobs": 0.05,
        "Last_eq_time": 2013,
        "SCC": 0.205,
        "ShearModulus": 3,
        "StrainDrop": 3,
        "Mmin": 5.5,
        "b-value": 0.9,
        "fault_rake": 80,